Set_Name,Theme,Pieces,Price,Pages,Unique_Pieces,Complexity
Creative Blue Bricks,Classic,52.0,4.99,37.0,28.0,enkle
Creative Green Bricks,Classic,60.0,4.99,37.0,36.0,enkle
Fire Truck,DUPLO,6.0,6.99,3.0,6.0,enkle
Tow Truck,DUPLO,7.0,6.99,3.0,7.0,enkle
Stephanie's Summer Heart Box,Friends,95.0,7.99,40.0,52.0,normale
White Baseplate,Classic,1.0,7.99,1.0,1.0,enkle
My First Tow Truck,DUPLO,11.0,9.99,10.0,10.0,enkle
Woody & RC,Disney,69.0,9.99,28.0,36.0,normale
Mia's Summer Heart Box,Friends,85.0,7.99,36.0,41.0,normale
Olivia's Summer Heart Box,Friends,93.0,7.99,40.0,48.0,normale
Police Patrol Car,City,92.0,9.99,36.0,52.0,normale
Prince Puppycorn Trike,Unikitty,101.0,9.99,56.0,65.0,enkle
Kai Avatar - Arcade Pod,NINJAGO,49.0,9.99,3.0,31.0,normale
Jay Avatar - Arcade Pod,NINJAGO,47.0,9.99,3.0,28.0,normale
My First Minnie Build,Disney,10.0,9.99,10.0,9.0,normale
Police Bike,DUPLO,8.0,9.99,10.0,7.0,enkle
Pizza Stand,DUPLO,18.0,9.99,12.0,15.0,enkle
Emma's Mobile Veterinary Clinic ,Friends,50.0,9.99,28.0,35.0,normale
Barbecue Burn Out,City,64.0,9.99,28.0,45.0,normale
Monster Truck,City,55.0,9.99,32.0,34.0,normale
Jet Patrol,City,54.0,9.99,36.0,45.0,normale
Construction Loader,City,88.0,9.99,36.0,50.0,normale
Stunt Team,City,62.0,9.99,36.0,34.0,normale
Cole's Speeder Car,NINJAGO,52.0,9.99,36.0,32.0,normale
Ice Cream Cart,Friends,97.0,9.99,40.0,60.0,normale
Puppy Playground,Friends,57.0,9.99,40.0,41.0,normale
Police Dog Unit,City,67.0,9.99,40.0,48.0,normale
Resistance Y-wing Microfighter,Star Wars,86.0,9.99,40.0,44.0,normale
Street Sweeper,City,89.0,9.99,48.0,55.0,normale
Mail Plane,City,74.0,9.99,52.0,55.0,normale
Satellite Service Mission,City,84.0,9.99,56.0,52.0,normale
Forest Fire,City,84.0,9.99,56.0,49.0,normale
Jungle Raider,NINJAGO,127.0,9.99,60.0,61.0,normale
Unikitty Cloud Car,Unikitty,126.0,9.99,60.0,83.0,enkle
My First Race Car,DUPLO,6.0,4.99,9.0,6.0,enkle
Ocean Mini-Submarine,City,41.0,9.99,37.0,30.0,normale
Olivia's Flower Garden,Friends,92.0,9.99,48.0,61.0,normale
Aurora's Royal Carriage,Disney,62.0,9.99,28.0,35.0,normale
Lloyd Avatar - Arcade Pod,NINJAGO,48.0,9.99,3.0,28.0,normale
Moana's Ocean Adventure,Disney,46.0,9.99,36.0,39.0,normale
The Taiga Adventure,Minecraft,74.0,9.99,40.0,48.0,normale
Kylo Ren's Shuttle Microfighter,Star Wars,72.0,9.99,40.0,40.0,normale
Thanos Mech,Marvel,152.0,9.99,56.0,62.0,normale
Iron Man Mech,Marvel,148.0,9.99,64.0,61.0,normale
Spider-Man Mech,Marvel,152.0,9.99,68.0,62.0,normale
Propeller Plane,Creator 3-in-1,128.0,9.99,112.0,50.0,avanserte
Sports Car,Creator 3-in-1,134.0,9.99,120.0,60.0,avanserte
Batboat The Penguin Pursuit!,Batman,54.0,9.99,44.0,41.0,normale
Bricks and Ideas,Classic,123.0,9.99,42.0,59.0,enkle
Mighty Micros: Scarlet Spider vs. Sandman,Marvel,89.0,9.99,7.0,49.0,normale
Farm Animals,DUPLO,16.0,9.99,8.0,13.0,enkle
My First Mickey Build,Disney,9.0,9.99,10.0,8.0,normale
Arctic Exploration Team,City,70.0,9.99,28.0,47.0,normale
BigFig Pig with Baby Zombie,Minecraft,159.0,14.99,40.0,47.0,normale
Dune Buggy,Creator 3-in-1,147.0,12.99,120.0,65.0,avanserte
BigFig Creeper and Ocelot,Minecraft,184.0,14.99,48.0,65.0,normale
Monster Truck,Creator 3-in-1,163.0,14.99,136.0,54.0,avanserte
Unikitty's Sweetest Friends EVER!,THE LEGO MOVIE 2,76.0,9.99,36.0,50.0,normale
Olivia's Heart Box,Friends,85.0,7.99,32.0,38.0,normale
Buggy,Technic,117.0,12.99,48.0,47.0,avanserte
Chevrolet Camaro ZL1 Race Car,Speed Champions,198.0,14.99,60.0,81.0,normale
McLaren Senna,Speed Champions,219.0,14.99,64.0,92.0,normale
Futuristic Flyer,Creator 3-in-1,157.0,14.99,136.0,65.0,avanserte
Deep Sea Creatures,Creator 3-in-1,230.0,14.99,176.0,83.0,avanserte
Gamora,BrickHeadz,136.0,9.99,48.0,51.0,normale
Mini CLAAS XERION,Technic,130.0,12.99,56.0,45.0,avanserte
1974 Porsche 911 Turbo 3.0,Speed Champions,180.0,14.99,80.0,75.0,normale
Sith Troopers Battle Pack,Star Wars,105.0,14.99,40.0,51.0,normale
Mandalorian Battle Pack,Star Wars,102.0,14.99,44.0,59.0,normale
Playroom,DUPLO,17.0,14.99,2.0,16.0,enkle
Death Star Cannon,Star Wars,159.0,19.99,80.0,79.0,normale
Rainbow Fun,Classic,85.0,4.99,37.0,42.0,enkle
Han Solo,Star Wars,141.0,9.99,44.0,51.0,normale
Arctic Ice Glider,City,50.0,6.99,28.0,30.0,normale
Olaf,LEGO Frozen 2,122.0,14.99,52.0,61.0,normale
Spinjitzu Slam - Jay,NINJAGO,72.0,9.99,44.0,37.0,normale
Emma's Summer Heart Box,Friends,86.0,7.99,36.0,45.0,normale
Rainbow Jewellery Stand,DOTS,213.0,14.99,4.0,42.0,normale
Bedroom,DUPLO,16.0,14.99,2.0,16.0,enkle
Animal Picture Holders,DOTS,423.0,14.99,4.0,54.0,normale
Stephanie's Heart Box,Friends,85.0,7.99,32.0,36.0,normale
Andrea's Summer Heart Box,Friends,83.0,7.99,36.0,46.0,normale
Cole - Dragon Master,NINJAGO,92.0,14.99,48.0,54.0,normale
The Samurai Mech,NINJAGO,154.0,14.99,48.0,71.0,normale
Introducing Queen Watevra Wa'Nabi,THE LEGO MOVIE 2,115.0,19.99,48.0,82.0,normale
Ferrari F40 Competizione,Speed Champions,198.0,14.99,56.0,72.0,normale
Helicopter Adventure,Creator 3-in-1,114.0,9.99,92.0,68.0,avanserte
Spinjitzu Slam - Lloyd,NINJAGO,70.0,9.99,44.0,34.0,normale
Mia's Play Cube - Cinema,Friends,37.0,9.99,5.0,31.0,normale
Monastery Training,NINJAGO,122.0,9.99,40.0,65.0,normale
Systar Party Crew,THE LEGO MOVIE 2,196.0,19.99,80.0,104.0,normale
Party Time,Unikitty,214.0,19.99,80.0,119.0,enkle
Mulan's Storybook Adventures,Disney,124.0,19.99,3.0,72.0,normale
Toy Story Train,Disney,21.0,19.99,8.0,19.0,normale
Creative Suitcase,Classic,213.0,19.99,36.0,89.0,enkle
Carnival Thrill Coaster,Disney,98.0,19.99,44.0,56.0,normale
Expecto Patronum,Harry Potter,121.0,19.99,48.0,55.0,normale
Vulture's Trucker Robbery,Marvel,93.0,19.99,48.0,62.0,normale
Captain America: Outriders Attack,Marvel,167.0,19.99,52.0,75.0,normale
Cole's Dirt Bike,NINJAGO,212.0,19.99,56.0,97.0,normale
The Rise of Voldemort,Harry Potter,184.0,19.99,56.0,102.0,normale
Mia's Foal Stable ,Friends,118.0,19.99,64.0,66.0,normale
Welcome to the Hidden Side,Hidden Side,189.0,19.99,68.0,103.0,normale
The Chicken Coop,Minecraft,198.0,19.99,72.0,90.0,normale
The End Battle,Minecraft,222.0,19.99,72.0,91.0,normale
Construction Bulldozer,City,126.0,19.99,84.0,81.0,normale
Avengers Speeder Bike Attack,Marvel,226.0,19.99,104.0,97.0,normale
My First Ladybird,DUPLO,6.0,4.99,9.0,5.0,enkle
My First Car Creations,DUPLO,34.0,19.99,10.0,31.0,enkle
Snow Groomer,City,197.0,19.99,60.0,81.0,normale
Anna's Canoe Expedition,LEGO Frozen 2,108.0,19.99,64.0,61.0,normale
Diving Yacht,City,148.0,19.99,64.0,81.0,normale
Emmet's Thricycle!,THE LEGO MOVIE 2,174.0,14.99,84.0,100.0,normale
Garbage Truck,City,90.0,19.99,40.0,52.0,normale
Anna and Elsa's Storybook Adventures,LEGO Frozen 2,133.0,19.99,3.0,71.0,normale
Ariel's Storybook Adventures,Disney,105.0,19.99,3.0,61.0,normale
Belle's Storybook Adventures,Disney,111.0,19.99,3.0,71.0,normale
Aquaman,BrickHeadz,135.0,9.99,36.0,40.0,normale
Mountain Fugitives,City,88.0,9.99,36.0,61.0,normale
Jasmine's Petite Tower,Disney,49.0,9.99,24.0,35.0,normale
Poppy's Pod,Trolls World Tour,103.0,19.99,68.0,70.0,normale
Techno Reef Dance Party,Trolls World Tour,173.0,19.99,72.0,85.0,normale
The Zombie Cave,Minecraft,241.0,19.99,84.0,88.0,normale
Emma's Play Cube - Toy Store,Friends,49.0,9.99,5.0,42.0,normale
Andrea's Heart Box,Friends,84.0,7.99,32.0,38.0,normale
Speed Record Car,City,78.0,9.99,40.0,47.0,normale
Jack's Beach Buggy,Hidden Side,170.0,19.99,56.0,98.0,normale
The Wool Farm,Minecraft,260.0,19.99,80.0,81.0,normale
Duel on Mustafar ,Star Wars,208.0,19.99,80.0,84.0,normale
Rex's Rex-treme Offroader!,THE LEGO MOVIE 2,236.0,29.99,132.0,109.0,normale
Rocket Truck,Creator 3-in-1,198.0,19.99,148.0,90.0,avanserte
Imperial Patrol Battle Pack,Star Wars,99.0,14.99,36.0,43.0,normale
The Panda Nursery,Minecraft,204.0,19.99,48.0,76.0,normale
Police Pursuit,Technic,120.0,19.99,114.0,39.0,avanserte
Good Morning Sparkle Babies!,THE LEGO MOVIE 2,50.0,9.99,32.0,44.0,normale
Unstoppable Bike Chase,Minions,136.0,19.99,60.0,79.0,normale
Ice-Cream Truck,City,200.0,19.99,100.0,112.0,normale
Emma's Heart Box,Friends,85.0,7.99,32.0,38.0,normale
Mulan's Training Day,Disney,104.0,14.99,36.0,62.0,normale
Elsa and Olaf's Tea Party,DUPLO,17.0,19.99,12.0,13.0,enkle
Olivia's Play Cube - Researcher,Friends,40.0,9.99,5.0,34.0,normale
Mia's Play Cube - Veterinarian,Friends,40.0,9.99,5.0,32.0,normale
Emma's Play Cube - Photographer,Friends,36.0,9.99,5.0,31.0,normale
Basic Brick Set ,Classic,300.0,19.99,66.0,93.0,enkle
Underwater Robot,Creator 3-in-1,207.0,19.99,140.0,81.0,avanserte
Sunset Track Racer,Creator 3-in-1,221.0,19.99,144.0,81.0,avanserte
Andrea's Car & Stage,Friends,240.0,19.99,68.0,116.0,normale
Heart Box,DUPLO,80.0,19.99,2.0,39.0,enkle
Submarine Adventure,DUPLO,24.0,19.99,8.0,22.0,enkle
Fire Truck,DUPLO,21.0,19.99,10.0,16.0,enkle
Minnie's Birthday Party,Disney,21.0,19.99,12.0,18.0,normale
Train Tracks,DUPLO,23.0,19.99,16.0,9.0,enkle
Spinjitzu Zane,NINJAGO,109.0,9.99,32.0,21.0,normale
Juice Truck,Friends,103.0,19.99,52.0,75.0,normale
Kai's Fire Dragon,NINJAGO,81.0,19.99,60.0,48.0,normale
Safari Off-Roader,City,168.0,19.99,76.0,86.0,normale
Heartlake City Hair Salon,Friends,235.0,19.99,84.0,138.0,normale
T-16 Skyhopper vs Bantha Microfighters,Star Wars,198.0,19.99,84.0,100.0,normale
Kai's Mech Jet,NINJAGO,217.0,19.99,116.0,94.0,normale
Naboo Starfighter Microfighter,Star Wars,62.0,9.99,36.0,42.0,normale
Spinjitzu Slam - Zane,NINJAGO,63.0,9.99,40.0,37.0,normale
Stephanie's Play Cube - Baker,Friends,44.0,9.99,5.0,37.0,normale
Mia's Heart Box,Friends,83.0,7.99,32.0,38.0,normale
Olivia's Play Cube - Sweet Shop,Friends,47.0,9.99,5.0,40.0,normale
Desert Rally Racer,City,75.0,9.99,36.0,45.0,normale
Race Truck,Technic,227.0,19.99,35.0,59.0,avanserte
Hook Loader,Technic,176.0,14.99,104.0,48.0,avanserte
Andrea's Play Cube - Singer,Friends,49.0,9.99,5.0,32.0,normale
Rapunzel's Small Tower,Disney,44.0,9.99,24.0,28.0,normale
Mia's Forest Adventures ,Friends,134.0,14.99,44.0,77.0,normale
Nissan GT-R NISMO,Speed Champions,298.0,19.99,80.0,101.0,normale
Cyborg,BrickHeadz,108.0,9.99,32.0,48.0,normale
Cole - Spinjitzu Master,NINJAGO,73.0,9.99,32.0,40.0,normale
Zane - Dragon Master,NINJAGO,92.0,14.99,48.0,54.0,normale
Extreme Engines,Creator 3-in-1,109.0,9.99,76.0,53.0,avanserte
Mighty Micros: Star-Lord vs. Nebula,Marvel,86.0,9.99,7.0,45.0,normale
My First Fun Puzzle,DUPLO,15.0,19.99,9.0,15.0,enkle
Fire Dragon,Creator 3-in-1,234.0,19.99,132.0,80.0,avanserte
Zane - Spinjitzu Master,NINJAGO,69.0,9.99,32.0,38.0,normale
Andrea's Play Cube - Pet Shop,Friends,40.0,9.99,5.0,33.0,normale
Bubbles Playground Showdown,Powerpuff Girls,144.0,19.99,48.0,92.0,normale
Benny's Space Squad,THE LEGO MOVIE 2,68.0,9.99,32.0,53.0,normale
Drone Explorer,Creator 3-in-1,109.0,9.99,80.0,56.0,avanserte
Lloyd's Journey,NINJAGO,81.0,14.99,36.0,50.0,normale
Olivia's Hamster Playground,Friends,81.0,9.99,40.0,52.0,normale
Desk Organiser,DOTS,405.0,19.99,4.0,44.0,normale
Elsa,BrickHeadz,130.0,9.99,44.0,48.0,normale
Snowspeeder,Star Wars,91.0,19.99,56.0,64.0,normale
Hogwarts Room of Requirement,Harry Potter,193.0,19.99,60.0,90.0,normale
Dr. Wu's Lab: Baby Dinosaurs Breakout,Jurassic World,164.0,19.99,64.0,100.0,normale
Heartlake City Park Café,Friends,224.0,19.99,72.0,117.0,normale
Spider-Man vs. Doc Ock,Marvel,234.0,19.99,72.0,80.0,normale
Ferrari F8 Tributo,Speed Champions,275.0,19.99,72.0,92.0,normale
1985 Audi Sport Quattro S1,Speed Champions,250.0,19.99,76.0,102.0,normale
Bricks and Houses,Classic,270.0,19.99,77.0,121.0,enkle
The Mandalorian & The Child,Star Wars,295.0,19.99,88.0,123.0,normale
Emmet and Benny's 'Build and Fix' Workshop!,THE LEGO MOVIE 2,117.0,19.99,48.0,73.0,normale
Jewellery Box,DOTS,374.0,19.99,3.0,35.0,normale
Pineapple Pencil Holder,DOTS,351.0,19.99,4.0,39.0,normale
Duke Caboom's Stunt Show,Disney,120.0,19.99,48.0,62.0,normale
Golden Dragon Master,NINJAGO,92.0,14.99,48.0,54.0,normale
J.B.'s Submarine,Hidden Side,224.0,19.99,64.0,120.0,normale
Battle-Ready Batman and MetalBeard,Batman,168.0,19.99,64.0,98.0,normale
Baby Elephant Jungle Rescue,Friends,203.0,19.99,68.0,111.0,normale
Dragster,Technic,225.0,19.99,80.0,68.0,avanserte
Wrecking Ball,Overwatch,227.0,19.99,84.0,78.0,normale
Getaway Truck,Technic,128.0,19.99,110.0,33.0,avanserte
Kai - Dragon Master,NINJAGO,92.0,14.99,48.0,53.0,normale
Rey,Star Wars,119.0,9.99,36.0,50.0,normale
Batman vs. The Riddler Robbery,Batman,59.0,9.99,36.0,44.0,normale
World Fun,Classic,295.0,19.99,53.0,149.0,enkle
Baby Animals,DUPLO,9.0,9.99,8.0,9.0,enkle
Mining Power Splitter,City,127.0,19.99,60.0,85.0,normale
Buzz and Bo Peep's Playground Adventure,Disney,139.0,24.99,48.0,85.0,normale
Tracer vs. Widowmaker,Overwatch,129.0,14.99,48.0,74.0,normale
Spinjitzu Slam - Kai vs. Samurai,NINJAGO,164.0,19.99,76.0,67.0,normale
Outrider Dropship Attack,Marvel,124.0,14.99,52.0,63.0,normale
Han Solo,Star Wars,101.0,24.99,44.0,55.0,normale
Shuttle Transporter,Creator 3-in-1,341.0,24.99,268.0,122.0,avanserte
Alphabet Truck,DUPLO,36.0,24.99,1.0,35.0,enkle
Train Bridge and Tracks,DUPLO,26.0,24.99,16.0,10.0,enkle
Mining Team,City,82.0,9.99,32.0,64.0,normale
Elsa's Market Adventure,Disney,125.0,19.99,48.0,78.0,normale
Drone Chase,City,192.0,29.99,100.0,112.0,normale
Jay - Dragon Master,NINJAGO,92.0,14.99,48.0,53.0,normale
Airport,DUPLO,29.0,24.99,20.0,24.0,enkle
Minecraft Alex BigFig with Chicken,Minecraft,160.0,14.99,40.0,70.0,normale
Cherry Picker,Technic,155.0,9.99,40.0,51.0,avanserte
Molten Man Battle,Spider-Man,294.0,29.99,76.0,117.0,normale
Spider-Man Car Chase,Marvel,52.0,9.99,36.0,38.0,normale
J.B.'s Ghost Lab,Hidden Side,174.0,19.99,64.0,104.0,normale
Hoth Generator Attack,Star Wars,235.0,29.99,68.0,101.0,normale
Kylo Ren,Star Wars,130.0,9.99,40.0,50.0,normale
Kayak Adventure,City,84.0,9.99,36.0,48.0,normale
Plane,DUPLO,12.0,9.99,10.0,11.0,enkle
Airshow Jet,City,87.0,9.99,56.0,53.0,normale
Sith Infiltrator Microfighter,Star Wars,92.0,9.99,40.0,45.0,normale
Star-Lord,BrickHeadz,113.0,9.99,40.0,51.0,normale
Dock Side Fire,City,97.0,19.99,48.0,63.0,normale
Graveyard Mystery,Hidden Side,335.0,29.99,112.0,160.0,normale
Fire Helicopter Response,City,93.0,29.99,44.0,61.0,normale
Hungarian Horntail Triwizard Challenge,Harry Potter,265.0,29.99,52.0,101.0,normale
Elsa and the Reindeer Carriage,LEGO Frozen 2,116.0,29.99,72.0,78.0,normale
Racing Cars,City,190.0,29.99,84.0,101.0,normale
Ultrakatty & Warrior Lucy!,THE LEGO MOVIE 2,348.0,29.99,92.0,119.0,normale
Lonesome Flats Raft Adventure,Trolls World Tour,159.0,29.99,100.0,110.0,normale
Cinderella's Castle Celebration,Disney,168.0,29.99,100.0,96.0,normale
Wrecked Shrimp Boat,Hidden Side,310.0,29.99,108.0,150.0,normale
Jay and Lloyd's Velocity Racers,NINJAGO,322.0,29.99,148.0,142.0,normale
Underwater Loop,Friends,389.0,29.99,76.0,165.0,normale
Fire Chief Response Truck,City,201.0,29.99,84.0,98.0,normale
Windows of Creativity,Classic,450.0,29.99,85.0,153.0,enkle
Rover Testing Drive,City,202.0,29.99,96.0,98.0,normale
Shuricopter,NINJAGO,361.0,29.99,100.0,163.0,normale
The Blaze Bridge,Minecraft,372.0,29.99,108.0,127.0,normale
2018 Dodge Challenger SRT Demon and 1970 Dodge Charger R/T,Speed Champions,478.0,29.99,124.0,159.0,normale
Hanzo vs. Genji,Overwatch,197.0,19.99,60.0,84.0,normale
Resistance A-wing Starfighter,Star Wars,269.0,29.99,84.0,112.0,normale
Mia's Organic Food Market,Friends,115.0,19.99,56.0,70.0,normale
Poppy's Air Balloon Adventure,Trolls World Tour,250.0,29.99,68.0,121.0,normale
Bracelet Mega Pack,DOTS,300.0,24.99,2.0,39.0,normale
First Order TIE Fighter Microfighter,Star Wars,91.0,9.99,40.0,47.0,normale
Nya - Spinjitzu Master,NINJAGO,69.0,9.99,32.0,43.0,normale
Pteranodon Escape,Juniors,84.0,19.99,56.0,60.0,enkle
The Pillager Outpost,Minecraft,303.0,29.99,68.0,94.0,normale
The Menace of Mysterio,Marvel,163.0,29.99,128.0,97.0,normale
Minecraft Skeleton BigFig with Magma Cube,Minecraft,142.0,14.99,40.0,56.0,normale
Monster Truck,City,192.0,19.99,76.0,76.0,normale
Brick Box,DUPLO,65.0,29.99,20.0,46.0,enkle
Police Highway Arrest,City,185.0,29.99,108.0,98.0,normale
My First Animal Brick Box,DUPLO,34.0,29.99,9.0,29.0,enkle
Super Heroes Lab,DUPLO,30.0,29.99,16.0,23.0,enkle
Gamer's Market,NINJAGO,218.0,29.99,64.0,133.0,normale
Nature Glamping,Friends,241.0,29.99,72.0,110.0,normale
Empire Dragon,NINJAGO,286.0,29.99,80.0,118.0,normale
Olivia's Cupcake Cafe,Friends,335.0,29.99,100.0,185.0,normale
Race Boat Transporter,City,238.0,29.99,124.0,123.0,normale
Wild River Escape,City,126.0,19.99,56.0,71.0,normale
Service & Care Truck,Friends,247.0,19.99,84.0,123.0,normale
War Machine Buster,Marvel,362.0,34.99,64.0,122.0,normale
El Fuego's Stunt Truck,Hidden Side,428.0,39.99,156.0,198.0,normale
Anakin's Jedi Starfighter,Star Wars,247.0,19.99,84.0,111.0,normale
The Golden Dragon,NINJAGO,171.0,19.99,60.0,74.0,normale
Tatooine Battle Pack,Star Wars,97.0,14.99,36.0,53.0,normale
Obi-Wan's Hut,Star Wars,200.0,29.99,68.0,118.0,normale
Mythical Creatures,Creator 3-in-1,223.0,14.99,189.0,66.0,avanserte
Heart Box Friendship Pack,Friends,199.0,19.99,60.0,90.0,normale
RV Vacation,Disney,178.0,34.99,72.0,106.0,normale
Mighty Micros: Thor vs. Loki,Marvel,79.0,9.99,7.0,47.0,normale
Duel on Starkiller Base,Star Wars,191.0,19.99,68.0,83.0,normale
Stephanie's Bedroom,Friends,95.0,9.99,44.0,72.0,normale
Race Plane,Creator 3-in-1,333.0,29.99,200.0,134.0,avanserte
Action Battle Endor Assault,Star Wars,193.0,29.99,64.0,108.0,normale
Ski Speeder vs. First Order Walker Microfighters,Star Wars,216.0,19.99,92.0,94.0,normale
Anakin's Podracer  20th Anniversary Edition,Star Wars,279.0,29.99,84.0,110.0,normale
Spinjitzu Jay,NINJAGO,97.0,9.99,32.0,23.0,normale
Spinjitzu Cole,NINJAGO,117.0,9.99,32.0,26.0,normale
Dilophosaurus on the Loose,Jurassic World,168.0,19.99,60.0,88.0,normale
Minecraft Steve BigFig with Parrot,Minecraft,159.0,14.99,40.0,74.0,normale
Luke Skywalker's Landspeeder,Star Wars,236.0,29.99,72.0,104.0,normale
Jay - Spinjitzu Master,NINJAGO,68.0,9.99,32.0,39.0,normale
Spinjitzu Nya & Wu,NINJAGO,227.0,19.99,56.0,49.0,normale
Aragog's Lair,Harry Potter,157.0,14.99,56.0,82.0,normale
Anakin's Jedi Interceptor,Star Wars,248.0,29.99,68.0,100.0,normale
A-Wing vs. TIE Silencer Microfighters,Star Wars,188.0,19.99,72.0,88.0,normale
Velociraptor: Biplane Rescue Mission,Jurassic World,101.0,29.99,76.0,72.0,normale
Forbidden Forest: Umbridge's Encounter,Harry Potter,253.0,29.99,84.0,121.0,normale
Spiderjet vs. Venom Mech,Marvel,371.0,29.99,84.0,136.0,normale
El Fuego's Stunt Plane,Hidden Side,295.0,29.99,92.0,149.0,normale
Newbury Subway,Hidden Side,348.0,29.99,108.0,146.0,normale
Emma's Fashion Shop,Friends,343.0,29.99,112.0,152.0,normale
Panda Jungle Tree House,Friends,265.0,29.99,120.0,149.0,normale
Formula E Panasonic Jaguar Racing GEN2 Car & Jaguar I-PACE eTROPHY,Speed Champions,565.0,29.99,128.0,186.0,normale
BASH!,Technic,139.0,19.99,127.0,46.0,avanserte
Bakery,DUPLO,46.0,34.99,20.0,33.0,enkle
Police Station,DUPLO,38.0,29.99,22.0,25.0,enkle
Kai - Spinjitzu Master,NINJAGO,61.0,9.99,32.0,33.0,normale
First Order Specialists Battle Pack,Star Wars,108.0,14.99,36.0,48.0,normale
X-wing Starfighter Trench Run,Star Wars,132.0,29.99,64.0,65.0,normale
Supernatural Race Car,Hidden Side,244.0,29.99,80.0,115.0,normale
Spinjitzu Kai,NINJAGO,97.0,9.99,32.0,23.0,normale
Ariel's Underwater Concert,Juniors,92.0,14.99,40.0,55.0,enkle
Emmet and Lucy's Visitors from the DUPLO Planet,THE LEGO MOVIE 2,53.0,29.99,25.0,37.0,normale
Ford Fiesta M-Sport WRC,Speed Champions,203.0,14.99,60.0,88.0,normale
Off-Road Chase,City,37.0,6.99,20.0,28.0,normale
Queen Watevra's Build Whatever Box!,THE LEGO MOVIE 2,455.0,39.99,262.0,112.0,normale
Turtles Rescue Mission,Friends,225.0,19.99,72.0,125.0,normale
Parachute Arrest,City,218.0,39.99,120.0,139.0,normale
City Advent Calendar,City,234.0,29.99,3.0,161.0,normale
Pteranodon Chase,Jurassic World,126.0,19.99,44.0,68.0,normale
Dolphins Rescue Mission,Friends,363.0,39.99,116.0,192.0,normale
Spider-Man Bike Rescue,Marvel,235.0,19.99,92.0,98.0,normale
People Pack - Fun Fair,City,183.0,39.99,64.0,138.0,normale
Elsa's Jewellery Box,LEGO Frozen 2,300.0,39.99,96.0,89.0,normale
Ninja Tuner Car,NINJAGO,419.0,39.99,108.0,143.0,normale
Mars Research Shuttle,City,273.0,39.99,160.0,135.0,normale
The Knight Bus,Harry Potter,403.0,39.99,84.0,128.0,normale
Fire Fang,NINJAGO,463.0,39.99,88.0,175.0,normale
My First Emotions,DUPLO,28.0,19.99,9.0,24.0,enkle
Batman: The Attack of the Talons,Batman,155.0,19.99,60.0,82.0,normale
Buzz & Woody's Carnival Mania!,Disney,230.0,49.99,52.0,106.0,normale
Volcano Rock City Concert,Trolls World Tour,387.0,39.99,120.0,175.0,normale
Stephanie's Buggy & Trailer ,Friends,166.0,19.99,48.0,97.0,normale
Road Repair Truck,Juniors,73.0,9.99,32.0,50.0,enkle
Heartlake City Supermarket,Friends,140.0,29.99,68.0,90.0,normale
Katana V11,NINJAGO,257.0,19.99,84.0,111.0,normale
Elastigirl's Rooftop Pursuit,Juniors,95.0,19.99,64.0,77.0,enkle
Rescue Helicopter,Technic,325.0,39.99,181.0,81.0,avanserte
Belle's Story Time,Juniors,87.0,14.99,44.0,66.0,enkle
Thanos,BrickHeadz,105.0,9.99,32.0,37.0,normale
Spider-Man vs. Scorpion Street Showdown,Marvel,125.0,19.99,64.0,82.0,normale
City Advent Calendar,City,313.0,29.99,4.0,194.0,normale
Friends Advent Calendar,Friends,500.0,29.99,4.0,202.0,normale
Arctic Ice Crawler,City,200.0,24.99,92.0,80.0,normale
Burger Bar Fire Rescue,City,327.0,39.99,164.0,153.0,normale
My First Puzzle Pets,DUPLO,18.0,9.99,9.0,16.0,enkle
1968 Ford Mustang Fastback,Speed Champions,183.0,14.99,60.0,74.0,normale
Elite Praetorian Guard Battle Pack,Star Wars,109.0,14.99,40.0,52.0,normale
Wonder Woman vs. Cheetah,DC,371.0,39.99,84.0,130.0,normale
Jay's Storm Fighter,NINJAGO,490.0,39.99,140.0,195.0,normale
Forest Tractor,City,174.0,19.99,64.0,77.0,normale
Mia's Horse Trailer,Friends,216.0,29.99,76.0,119.0,normale
Andrea's Bedroom,Friends,85.0,9.99,44.0,60.0,normale
Mountain Police Chase,Juniors,115.0,19.99,64.0,85.0,enkle
Daredevil Stunt Plane,Creator 3-in-1,200.0,19.99,120.0,86.0,avanserte
Rocket Rally Car,Creator 3-in-1,241.0,19.99,148.0,104.0,avanserte
Dr. Fox Laboratory,Unikitty,359.0,29.99,132.0,163.0,enkle
Police Helicopter Chase,City,212.0,39.99,128.0,127.0,normale
Stephanie's Obstacle Course,Friends,337.0,39.99,100.0,168.0,normale
Baking Competition,Friends,361.0,39.99,104.0,157.0,normale
Golden Mech,NINJAGO,489.0,39.99,108.0,172.0,normale
Batman Batsub and the Underwater Clash,Batman,174.0,19.99,64.0,82.0,normale
Batmobile: Pursuit of The Joker,Batman,342.0,29.99,80.0,114.0,normale
Friends Advent Calendar,Friends,330.0,29.99,2.0,158.0,normale
Mojo Jojo Strikes,Powerpuff Girls,228.0,29.99,76.0,149.0,normale
Bricks and Gears,Classic,244.0,19.99,124.0,94.0,enkle
The Skull Arena,Minecraft,198.0,19.99,68.0,68.0,normale
Mia's Bedroom,Friends,86.0,9.99,48.0,63.0,normale
Han Solo's Landspeeder,Star Wars,345.0,29.99,96.0,126.0,normale
Chewbacca,Star Wars,149.0,9.99,40.0,52.0,normale
Farmers' Market,DUPLO,26.0,19.99,9.0,18.0,enkle
Inferno Squad Battle Pack,Star Wars,118.0,14.99,40.0,52.0,normale
Spider-Man: Doc Ock Diamond Heist,Marvel,150.0,29.99,96.0,98.0,normale
Batman: Brother Eye Takedown,Batman,269.0,29.99,76.0,103.0,normale
Mr. Freeze Batcycle Battle,Batman,200.0,19.99,68.0,97.0,normale
Outback Adventures,Creator 3-in-1,225.0,19.99,148.0,103.0,avanserte
Jedi and Clone Troopers Battle Pack,Star Wars,102.0,14.99,32.0,54.0,normale
Ferrari 488 GT3 Scuderia Corsa,Speed Champions,179.0,14.99,56.0,78.0,normale
The Bat-Dune Buggy,DC,198.0,19.99,64.0,92.0,normale
Ambulance Helicopter,City,190.0,19.99,84.0,108.0,normale
LEGO Movie Maker,THE LEGO MOVIE 2,482.0,49.99,96.0,243.0,normale
Creative Tuning Shop,Friends,413.0,39.99,108.0,217.0,normale
Dorado Showdown,Overwatch,419.0,29.99,124.0,168.0,normale
Stormtrooper,Star Wars,124.0,9.99,32.0,51.0,normale
Spinjitzu Lloyd vs. Garmadon,NINJAGO,208.0,19.99,52.0,44.0,normale
Dozer Compactor,Technic,171.0,19.99,100.0,62.0,avanserte
Beauxbatons' Carriage: Arrival at Hogwarts ,Harry Potter,430.0,49.99,84.0,160.0,normale
Star Wars Advent Calendar,Star Wars,307.0,39.99,4.0,186.0,normale
My First Celebration,DUPLO,41.0,14.99,9.0,18.0,enkle
Rhino Face-Off by the Mine,Marvel,229.0,19.99,88.0,100.0,normale
Iron Man Hulkbuster versus A.I.M. Agent,Marvel,456.0,39.99,80.0,143.0,normale
Junkrat & Roadhog,Overwatch,380.0,49.99,92.0,168.0,normale
Tiger Hot Air Balloon Jungle Rescue,Friends,302.0,39.99,116.0,145.0,normale
Avengers Truck Take-down,Marvel,477.0,39.99,116.0,164.0,normale
Ocean Exploration Submarine,City,286.0,39.99,141.0,131.0,normale
Townhouse Toy Store,Creator 3-in-1,554.0,39.99,268.0,194.0,avanserte
Space Rover Explorer,Creator 3-in-1,510.0,39.99,276.0,206.0,avanserte
Riverside Houseboat,Creator 3-in-1,396.0,39.99,200.0,157.0,avanserte
Iron Man MK50,BrickHeadz,101.0,9.99,32.0,41.0,normale
Rebel A-wing Starfighter,Star Wars,62.0,14.99,36.0,44.0,normale
Rapunzel's Castle Bedroom,Disney,156.0,19.99,56.0,93.0,normale
Zane's Ninja Boat Pursuit,Juniors,131.0,19.99,64.0,78.0,enkle
Stephanie's Gymnastics Show,Friends,241.0,29.99,76.0,114.0,normale
The Redstone Battle,Minecraft,504.0,39.99,88.0,133.0,normale
Creative Fun,Classic,900.0,39.99,90.0,231.0,enkle
Catamaran,Technic,404.0,49.99,100.0,74.0,avanserte
Spider Mech vs. Venom ,Marvel,604.0,49.99,104.0,203.0,normale
Pasaana Speeder Chase,Star Wars,373.0,39.99,116.0,177.0,normale
Enchanted Tree House,LEGO Frozen 2,302.0,49.99,120.0,174.0,normale
Pop Village Celebration,Trolls World Tour,380.0,49.99,120.0,205.0,normale
Haunted Fairground,Hidden Side,466.0,49.99,124.0,212.0,normale
Shrimp Shack Attack,Hidden Side,578.0,49.99,128.0,293.0,normale
Newbury Abandoned Prison,Hidden Side,400.0,39.99,132.0,164.0,normale
1967 Mini Cooper S Rally and 2018 MINI John Cooper Works Buggy,Speed Champions,481.0,49.99,64.0,187.0,normale
Superman & Krypto Team-Up,DC,199.0,19.99,76.0,110.0,normale
Black Ace TIE Interceptor,Star Wars,396.0,49.99,84.0,161.0,normale
Andrea's Pool Party,Friends,468.0,49.99,112.0,221.0,normale
Garage Centre,City,234.0,49.99,116.0,62.0,normale
AT-ST Raider,Star Wars,540.0,49.99,120.0,211.0,normale
Katana 4X4,NINJAGO,450.0,49.99,128.0,185.0,normale
Batwing and The Riddler Heist,Batman,489.0,49.99,132.0,212.0,normale
Fairground Carousel,Creator 3-in-1,595.0,49.99,236.0,223.0,avanserte
Stephanie's Soccer Practice,Friends,119.0,14.99,48.0,78.0,normale
Emma's Art Stand,Friends,210.0,19.99,60.0,107.0,normale
Batman and The Joker Escape,Batman,171.0,39.99,72.0,119.0,normale
The Hulkbuster Smash-Up,Marvel,375.0,29.99,84.0,143.0,normale
Imperial Dropship  20th Anniversary Edition,Star Wars,125.0,19.99,60.0,57.0,normale
Raptor Rescue Truck,Juniors,85.0,24.99,56.0,56.0,enkle
Frozen Ice Castle,Disney,59.0,49.99,28.0,31.0,normale
Throne Room Showdown,NINJAGO,221.0,19.99,68.0,111.0,normale
Monster Burger Truck,Creator 3-in-1,499.0,49.99,248.0,183.0,avanserte
WHACK!,Technic,135.0,19.99,123.0,41.0,avanserte
Service Station,City,354.0,49.99,193.0,179.0,normale
Anna & Olaf,BrickHeadz,201.0,14.99,56.0,78.0,normale
Andrea's Park Performance,Friends,229.0,24.99,80.0,126.0,normale
The Flash,DC,122.0,9.99,40.0,47.0,normale
Harry Potter Advent Calendar,Harry Potter,305.0,39.99,3.0,151.0,normale
Darth Maul,Star Wars,104.0,29.99,52.0,43.0,normale
Olivia's Deluxe Bedroom,Friends,163.0,14.99,60.0,100.0,normale
Cloud-Rider Swoop Bikes,Star Wars,355.0,29.99,92.0,148.0,normale
TIE Fighter Attack,Star Wars,77.0,19.99,40.0,50.0,normale
Brick-built Minions and their Lair,Minions,876.0,49.99,184.0,180.0,normale
Escape Pod vs. Dewback Microfighters,Star Wars,177.0,19.99,64.0,79.0,normale
Destiny's Wing,NINJAGO,181.0,19.99,76.0,100.0,normale
Mickey's Vacation House,Disney,57.0,49.99,28.0,37.0,normale
Fire Station,DUPLO,76.0,49.99,34.0,47.0,enkle
Jay's Cyber Dragon,NINJAGO,518.0,49.99,84.0,189.0,normale
Hydro-Man Attack,Marvel,471.0,39.99,96.0,170.0,normale
Power Boat,Technic,174.0,14.99,98.0,56.0,avanserte
Thunder Raider,NINJAGO,576.0,49.99,148.0,191.0,normale
Police Helicopter Transport,City,317.0,49.99,156.0,161.0,normale
The Lighthouse of Darkness,Hidden Side,540.0,49.99,156.0,240.0,normale
D.Va & Reinhardt,Overwatch,455.0,39.99,108.0,161.0,normale
Pirate Ship,Minecraft,386.0,39.99,116.0,143.0,normale
Shimmer & Shine Sparkle Spa!,THE LEGO MOVIE 2,694.0,69.99,128.0,209.0,normale
Modular Sweet Surprises,Creator 3-in-1,396.0,39.99,184.0,187.0,avanserte
The Joker Batcave Attack,Batman,151.0,24.99,76.0,94.0,normale
Olivia's Mission Vehicle,Friends,223.0,19.99,84.0,106.0,normale
Modular Winter Vacation,Creator 3-in-1,374.0,34.99,200.0,142.0,avanserte
Belle's Tea Party,Disney,19.0,19.99,8.0,16.0,normale
Wyld-Mayhem Star Fighter,THE LEGO MOVIE 2,405.0,49.99,132.0,157.0,normale
City Central Airport,Juniors,376.0,49.99,144.0,170.0,enkle
Spider-Man vs. Electro,Marvel,29.0,19.99,10.0,22.0,normale
Star Wars Advent Calendar,Star Wars,280.0,39.99,2.0,177.0,normale
Drifting Diner,Friends,345.0,29.99,92.0,182.0,normale
Gentle Giants Petting Zoo,Jurassic World,24.0,19.99,13.0,19.0,normale
San Francisco,Architecture,565.0,49.99,128.0,163.0,avanserte
Ariel's Castle,Disney,115.0,24.99,56.0,74.0,normale
Paranormal Intercept Bus 3000,Hidden Side,689.0,59.99,136.0,272.0,normale
Porsche 919 Hybrid,Speed Champions,163.0,14.99,60.0,75.0,normale
Mickey's Boat,Disney,28.0,29.99,24.0,25.0,normale
Baryonyx Face-Off: The Treasure Hunt,Jurassic World,434.0,59.99,96.0,211.0,normale
Avengers Hulk Helicopter Rescue,Marvel,482.0,59.99,100.0,187.0,normale
Iron Man Hall of Armour,Marvel,524.0,59.99,104.0,156.0,normale
Hagrid's Hut: Buckbeak's Rescue,Harry Potter,496.0,59.99,120.0,208.0,normale
Lighthouse Rescue Centre,Friends,602.0,59.99,180.0,273.0,normale
Twin-Rotor Helicopter,Creator 3-in-1,569.0,59.99,228.0,200.0,avanserte
Action Battle Echo Base Defence,Star Wars,504.0,59.99,112.0,192.0,normale
Heartlake City Restaurant,Friends,624.0,59.99,140.0,201.0,normale
Lunar Space Station,City,412.0,59.99,172.0,171.0,normale
Andrea's Accessories Store,Friends,294.0,29.99,84.0,128.0,normale
Triceratops Rampage,Jurassic World,447.0,59.99,112.0,200.0,normale
Heartlake City Hospital,Friends,379.0,49.99,132.0,154.0,normale
Thor's Weapon Quest,Marvel,223.0,19.99,84.0,112.0,normale
Millennium Falcon Microfighter,Star Wars,92.0,9.99,44.0,48.0,normale
Darth Vader,Star Wars,104.0,9.99,40.0,41.0,normale
T. rex Tower,Jurassic World,22.0,29.99,14.0,18.0,normale
Ahch-To Island Training,Star Wars,241.0,29.99,84.0,129.0,normale
Spider-Man's Spider Crawler ,Marvel,418.0,39.99,84.0,132.0,normale
Moloch's Landspeeder,Star Wars,464.0,39.99,144.0,163.0,normale
Underminer's Bank Heist,Juniors,149.0,24.99,64.0,99.0,enkle
Friendship Box,Friends,563.0,49.99,172.0,198.0,normale
Paris,Architecture,649.0,49.99,112.0,114.0,avanserte
Emma's Deluxe Bedroom,Friends,183.0,14.99,68.0,105.0,normale
Rapunzel's Travelling Caravan,Disney,323.0,39.99,108.0,171.0,normale
Belle's Castle Winter Celebration,Disney,238.0,49.99,108.0,146.0,normale
Joker's Trike Chase,Batman,440.0,49.99,108.0,181.0,normale
Stephanie's Lakeside House,Friends,215.0,34.99,112.0,142.0,normale
Gallimimus and Pteranodon Breakout,Jurassic World,391.0,49.99,112.0,170.0,normale
Kai's Blade Cycle & Zane's Snowmobile,NINJAGO,376.0,29.99,128.0,189.0,normale
Lamborghini Urus ST-X & Huracán Super Trofeo EVO ,Speed Champions,663.0,49.99,144.0,202.0,normale
Beach House,Friends,444.0,49.99,160.0,216.0,normale
Deluxe Brick Box,DUPLO,85.0,49.99,28.0,58.0,enkle
Las Vegas,Architecture,501.0,39.99,108.0,123.0,avanserte
Stunt Show Truck & Bike,Technic,610.0,49.99,120.0,109.0,avanserte
Chevrolet Corvette ZR1,Technic,579.0,49.99,233.0,105.0,avanserte
Stygimoloch Breakout,Jurassic World,222.0,29.99,84.0,91.0,normale
Ocean's Bottom,Classic,579.0,29.99,57.0,218.0,enkle
Police Monster Truck Heist,City,362.0,59.99,200.0,198.0,normale
Death Star Escape,Star Wars,329.0,29.99,84.0,110.0,normale
Mia's Tree House,Friends,351.0,29.99,120.0,151.0,normale
Andrea's Talent Show,Friends,492.0,49.99,124.0,184.0,normale
Steam Train,DUPLO,59.0,59.99,48.0,38.0,enkle
Boba Fett,Star Wars,625.0,59.99,116.0,172.0,normale
Fire Plane,City,363.0,59.99,156.0,151.0,normale
Porsche 911 RSR and 911 Turbo 3.0,Speed Champions,391.0,29.99,120.0,166.0,normale
Peter Venkman & Slimer,BrickHeadz,228.0,19.99,77.0,90.0,normale
Harvester Transport,City,358.0,29.99,148.0,166.0,normale
Stormtrooper,Star Wars,647.0,59.99,124.0,155.0,normale
Resistance Y-wing Starfighter,Star Wars,578.0,69.99,76.0,177.0,normale
Stark Jet and the Drone Attack,Spider-Man,504.0,69.99,96.0,176.0,normale
Hogwarts Whomping Willow,Harry Potter,753.0,69.99,148.0,253.0,normale
Major Vonreg's TIE Fighter,Star Wars,496.0,69.99,92.0,151.0,normale
Fire Station,City,509.0,69.99,184.0,210.0,normale
Large Playground Brick Box,DUPLO,71.0,49.99,32.0,49.0,enkle
Tokyo,Architecture,547.0,59.99,96.0,146.0,avanserte
D-O,Star Wars,519.0,69.99,72.0,149.0,normale
Dubai,Architecture,740.0,59.99,112.0,127.0,avanserte
Emma's Art Studio,Friends,235.0,24.99,60.0,122.0,normale
The Flintstones,Ideas,748.0,59.99,180.0,242.0,avanserte
Lex Luthor Mech Takedown,DC,406.0,39.99,84.0,159.0,normale
Pop-Up Party Bus,THE LEGO MOVIE 2,1024.0,79.99,172.0,294.0,normale
The Illager Raid,Minecraft,562.0,59.99,96.0,187.0,normale
The Big Race Day,Friends,648.0,59.99,144.0,252.0,normale
Avengers Wrath of Loki,Marvel,223.0,59.99,124.0,137.0,normale
Central Airport,City,286.0,59.99,169.0,168.0,normale
The Great Home Escape,Juniors,178.0,29.99,76.0,123.0,enkle
Shanghai,Architecture,597.0,59.99,160.0,144.0,avanserte
Tropical Island,DUPLO,73.0,59.99,40.0,44.0,enkle
Modular Playhouse,DUPLO,129.0,59.99,84.0,56.0,enkle
Iron Man,Marvel,480.0,59.99,132.0,123.0,normale
Phantom Fire Truck 3000,Hidden Side,760.0,59.99,148.0,263.0,normale
Central Perk,Ideas,1070.0,59.99,156.0,366.0,avanserte
Dinosaur Fossils,Ideas,910.0,59.99,169.0,201.0,avanserte
Batman Mech vs. Poison Ivy Mech ,Batman,375.0,39.99,92.0,173.0,normale
Mobile Stunt Show,Creator 3-in-1,581.0,49.99,224.0,212.0,avanserte
The Melon Farm,Minecraft,69.0,14.99,44.0,47.0,normale
Mia's House,Friends,715.0,69.99,192.0,274.0,normale
Hermione Granger,BrickHeadz,127.0,9.99,40.0,50.0,normale
Street Race of Snake Jaguar,NINJAGO,308.0,29.99,112.0,130.0,normale
Snoke's Throne Room,Star Wars,492.0,69.99,104.0,166.0,normale
Hogwarts Express,Harry Potter,801.0,79.99,124.0,261.0,normale
Elsa's Ice Palace,LEGO Frozen 2,701.0,79.99,180.0,234.0,normale
Arendelle Castle,LEGO Frozen 2,521.0,79.99,192.0,231.0,normale
Yoda's Hut,Star Wars,229.0,29.99,72.0,139.0,normale
Dirt Road Pursuit,City,297.0,39.99,116.0,140.0,normale
Emmet and Lucy's Escape Buggy!,THE LEGO MOVIE 2,550.0,49.99,124.0,199.0,normale
Cruising Adventures,Creator 3-in-1,597.0,59.99,216.0,246.0,avanserte
Royal Talon Fighter Attack,Marvel,358.0,29.99,100.0,119.0,normale
Pickup & Caravan,City,344.0,29.99,140.0,188.0,normale
Arctic Air Transport,City,277.0,39.99,112.0,113.0,normale
Bastion,Overwatch,602.0,49.99,116.0,168.0,normale
Aladdin's and Jasmine's Palace Adventures,Disney,193.0,29.99,76.0,114.0,normale
The Polar Igloo,Minecraft,278.0,29.99,84.0,95.0,normale
Watchpoint: Gibraltar,Overwatch,730.0,89.99,192.0,287.0,normale
Unikingdom Creative Brick Box,Unikitty,433.0,39.99,172.0,220.0,enkle
Blue's Helicopter Pursuit,Jurassic World,397.0,39.99,112.0,177.0,normale
Stephanie's Sports Arena,Friends,460.0,44.99,108.0,188.0,normale
Ducati Panigale V4 R,Technic,646.0,69.99,128.0,128.0,avanserte
Heavy Cargo Transport,City,310.0,29.99,128.0,161.0,normale
Heartlake City Airplane,Friends,574.0,69.99,164.0,238.0,normale
4 Privet Drive,Harry Potter,797.0,69.99,184.0,255.0,normale
Friendship Bus,Friends,778.0,69.99,236.0,286.0,normale
Caravan Family Holiday,Creator 3-in-1,766.0,69.99,276.0,328.0,avanserte
People Pack - Outdoor Adventures,City,164.0,39.99,64.0,128.0,normale
Tactical Batman & Superman,BrickHeadz,209.0,19.99,69.0,72.0,normale
Mining Heavy Driller,City,294.0,49.99,124.0,139.0,normale
International Space Station,Ideas,864.0,69.99,128.0,186.0,avanserte
Knights of Ren Transport Ship,Star Wars,595.0,69.99,136.0,182.0,normale
The Crafting Box 3.0,Minecraft,564.0,69.99,180.0,128.0,normale
The Nether Portal,Minecraft,470.0,39.99,112.0,146.0,normale
T. Rex Breakout,Juniors,150.0,49.99,76.0,98.0,enkle
Empire Temple of Madness,NINJAGO,810.0,79.99,160.0,267.0,normale
Lloyd's Titan Mech,NINJAGO,876.0,79.99,164.0,230.0,normale
Monastery of Spinjitzu,NINJAGO,1070.0,79.99,188.0,359.0,normale
Mos Eisley Cantina,Star Wars,376.0,39.99,80.0,140.0,normale
S.O.G. Headquarters,NINJAGO,530.0,39.99,96.0,246.0,normale
First Order AT-ST,Star Wars,370.0,39.99,80.0,157.0,normale
Townhouse Pet Shop & Café,Creator 3-in-1,969.0,79.99,356.0,289.0,avanserte
Arctic Scout Truck,City,322.0,59.99,100.0,148.0,normale
Spider-Man & Hulk Adventures,DUPLO,38.0,29.99,20.0,29.0,enkle
General Grievous' Combat Speeder,Star Wars,157.0,29.99,60.0,76.0,normale
Sunshine Surfer Van,Creator 3-in-1,379.0,34.99,184.0,160.0,avanserte
The Nether Fight,Minecraft,84.0,14.99,40.0,48.0,normale
Racing Yacht,Technic,330.0,39.99,156.0,83.0,avanserte
Trafalgar Square,Architecture,1197.0,79.99,192.0,205.0,avanserte
The Ultra Dragon,NINJAGO,951.0,84.99,160.0,262.0,normale
Ariel & Ursula,BrickHeadz,361.0,19.99,121.0,121.0,normale
Darth Vader,Star Wars,168.0,39.99,56.0,61.0,normale
TRON: Legacy,Ideas,230.0,34.99,68.0,73.0,avanserte
Clone Scout Walker  20th Anniversary Edition,Star Wars,250.0,29.99,80.0,109.0,normale
General Grievous's Starfighter,Star Wars,487.0,79.99,96.0,139.0,normale
Sith TIE Fighter,Star Wars,470.0,79.99,104.0,127.0,normale
Venomosaurus Ambush,Marvel,640.0,79.99,148.0,242.0,normale
The Creeper Mine,Minecraft,834.0,79.99,164.0,206.0,normale
Ocean Exploration Base,City,497.0,79.99,165.0,180.0,normale
Jungle Rescue Base,Friends,648.0,79.99,176.0,251.0,normale
Avengers Ultimate Quinjet,Marvel,840.0,79.99,160.0,252.0,normale
Avengers Compound Battle,Marvel,699.0,99.99,168.0,292.0,normale
Party Boat,Friends,640.0,79.99,184.0,270.0,normale
Remote-Controlled Stunt Racer,Technic,324.0,99.99,72.0,78.0,avanserte
Rescue Mission Boat,Friends,908.0,89.99,216.0,376.0,normale
Donut Shop Opening,City,790.0,89.99,320.0,368.0,normale
Great Wall of China,Architecture,551.0,49.99,112.0,81.0,avanserte
Ariel's Royal Celebration Boat,Disney,380.0,49.99,108.0,156.0,normale
Mountain Arrest,City,303.0,59.99,136.0,168.0,normale
Modular Skate House,Creator 3-in-1,422.0,39.99,196.0,169.0,avanserte
Harry Potter & Hedwig,BrickHeadz,180.0,14.99,60.0,73.0,normale
Farm Pony Stable,DUPLO,59.0,29.99,25.0,31.0,enkle
First Responder,Technic,513.0,49.99,212.0,106.0,avanserte
Air Base,City,529.0,89.99,260.0,270.0,normale
Emma's Art Café,Friends,378.0,32.99,112.0,166.0,normale
Emmet's Dream House/Rescue Rocket!,THE LEGO MOVIE 2,706.0,69.99,260.0,197.0,normale
Diamond Heist,City,400.0,59.99,160.0,191.0,normale
AT-AP Walker,Star Wars,689.0,59.99,140.0,214.0,normale
Pop-Up Book,Ideas,859.0,69.99,164.0,211.0,avanserte
Snowspeeder  20th Anniversary Edition,Star Wars,309.0,39.99,116.0,159.0,normale
Go Brick Me,BrickHeadz,708.0,29.99,84.0,160.0,normale
Poe Dameron's X-wing Fighter,Star Wars,761.0,89.99,124.0,219.0,normale
T. rex vs Dino-Mech Battle,Jurassic World,716.0,89.99,176.0,254.0,normale
Hogwarts Clock Tower,Harry Potter,922.0,89.99,176.0,276.0,normale
Mission to Mars,Classic,871.0,59.99,81.0,330.0,enkle
Avengers Tower Battle,Marvel,685.0,89.99,136.0,250.0,normale
Mobile Bat Base,DC,743.0,89.99,140.0,275.0,normale
Fiat 500,Creator Expert,960.0,89.99,144.0,269.0,avanserte
Steamboat Willie,Ideas,751.0,89.99,176.0,202.0,avanserte
Yoda,Star Wars,1771.0,99.99,224.0,235.0,normale
Castle of the Forsaken Emperor,NINJAGO,1218.0,99.99,248.0,361.0,normale
Deep Space Rocket and Launch Control,City,837.0,99.99,304.0,308.0,normale
Downtown Fire Brigade,City,943.0,99.99,414.0,400.0,normale
Thanos: Ultimate Battle,Marvel,674.0,69.99,116.0,190.0,normale
Queen Watevra's So-Not-Evil' Space Palace,THE LEGO MOVIE 2,997.0,99.99,212.0,275.0,normale
Stormbringer,NINJAGO,493.0,39.99,108.0,182.0,normale
"Ariel, Aurora, and Tiana's Royal Celebration",Disney,282.0,39.99,108.0,131.0,normale
Oni Titan,NINJAGO,522.0,49.99,96.0,183.0,normale
Boba Fett,Star Wars,144.0,29.99,48.0,67.0,normale
Cole's Earth Driller ,NINJAGO,587.0,49.99,132.0,216.0,normale
World Animals,DUPLO,121.0,99.99,48.0,75.0,enkle
Statue of Liberty,Architecture,1685.0,119.99,184.0,146.0,avanserte
Rapunzel's Tower,DUPLO,37.0,29.99,24.0,26.0,enkle
NASA Apollo 11 Lunar Lander,Creator Expert,1087.0,99.99,124.0,193.0,avanserte
Harley-Davidson Fat Boy,Creator Expert,1023.0,99.99,156.0,300.0,avanserte
Batcave Clayface Invasion,Batman,1038.0,99.99,168.0,333.0,normale
The White House,Architecture,1483.0,99.99,188.0,180.0,avanserte
Dom's Dodge Charger,Technic,1077.0,99.99,236.0,172.0,avanserte
Passenger Airplane,City,669.0,99.99,273.0,288.0,normale
Summer Fun Water Park,Friends,1001.0,99.99,316.0,394.0,normale
Pirate Ship,Creator 3-in-1,1264.0,99.99,428.0,359.0,avanserte
Range Trooper,Star Wars,101.0,24.99,48.0,51.0,normale
Sweet Mayhem's Systar Starship!,THE LEGO MOVIE 2,502.0,69.99,100.0,188.0,normale
Indominus rex vs. Ankylosaurus,Jurassic World,537.0,99.99,112.0,216.0,normale
Crocodile Locomotive,Creator Expert,1271.0,99.99,132.0,212.0,avanserte
Hogwarts Astronomy Tower,Harry Potter,971.0,99.99,172.0,310.0,normale
Hogwarts Great Hall,Harry Potter,878.0,99.99,184.0,284.0,normale
Gingerbread House,Creator Expert,1477.0,99.99,196.0,321.0,avanserte
Rex's Rexplorer!,THE LEGO MOVIE 2,1187.0,119.99,208.0,299.0,normale
Mobile Crane,Technic,1292.0,99.99,272.0,144.0,avanserte
Mystery Castle,Hidden Side,1035.0,99.99,296.0,335.0,normale
Police Station,City,743.0,99.99,345.0,298.0,normale
Tuning Workshop,City,897.0,99.99,389.0,411.0,normale
Ghost Train Express,Hidden Side,698.0,79.99,136.0,268.0,normale
Defense of Crait,Star Wars,746.0,84.99,144.0,289.0,normale
Imperial AT-Hauler,Star Wars,829.0,99.99,148.0,206.0,normale
Arctic Supply Plane,City,707.0,79.99,132.0,239.0,normale
Ninja Nightcrawler,NINJAGO,552.0,39.99,124.0,205.0,normale
T. Rex Transport,Jurassic World,609.0,69.99,156.0,174.0,normale
Empire State Building,Architecture,1767.0,129.99,140.0,128.0,avanserte
Imperial Conveyex Transport,Star Wars,622.0,89.99,120.0,187.0,normale
Land Bounty,NINJAGO,1178.0,129.99,252.0,400.0,normale
Heartlake City Amusement Pier,Friends,1251.0,129.99,316.0,433.0,normale
Speed Force Freeze Pursuit,DC,271.0,29.99,80.0,138.0,normale
Avengers Helicarrier,Marvel,1244.0,119.99,220.0,355.0,normale
Slave I - 20th Anniversary Edition,Star Wars,1007.0,119.99,164.0,293.0,normale
Firstbourne,NINJAGO,882.0,69.99,172.0,337.0,normale
Corvus Glaive Thresher Attack,Marvel,416.0,39.99,124.0,168.0,normale
Heavy Duty Forklift,Technic,592.0,69.99,232.0,109.0,avanserte
Porsche 911 RSR,Technic,1580.0,149.99,296.0,178.0,avanserte
Cargo Train,DUPLO,105.0,119.99,64.0,68.0,enkle
Hovercraft,Technic,1020.0,89.99,349.0,139.0,avanserte
App-Controlled Top Gear Rally Car,Powered UP,463.0,129.99,120.0,93.0,avanserte
Kylo Ren's Shuttle,Star Wars,1005.0,129.99,184.0,271.0,normale
Darth Vader's Castle,Star Wars,1060.0,129.99,188.0,285.0,normale
Ferrari Ultimate Garage,Speed Champions,841.0,99.99,200.0,309.0,normale
Newbury Haunted High School,Hidden Side,1474.0,129.99,308.0,482.0,normale
Porg,Star Wars,811.0,69.99,144.0,189.0,normale
Tracked Loader,Technic,827.0,79.99,140.0,128.0,avanserte
Passenger Train,City,677.0,159.99,230.0,165.0,normale
Rocket Assembly &Transport,City,1055.0,149.99,340.0,364.0,normale
Carnotaurus Gyrosphere Escape,Jurassic World,577.0,79.99,140.0,226.0,normale
Sleeping Beauty's Fairytale Castle,Disney,322.0,39.99,84.0,171.0,normale
App-Controlled Batmobile,DC,321.0,99.99,108.0,114.0,normale
The Skeleton Attack,Minecraft,457.0,39.99,100.0,136.0,normale
Mia's Camper Van,Friends,488.0,54.99,116.0,222.0,normale
Mountain Police Headquarters,City,663.0,89.99,272.0,324.0,normale
Droid Gunship,Star Wars,389.0,49.99,84.0,150.0,normale
Ford Mustang,Creator Expert,1471.0,149.99,212.0,358.0,avanserte
Ocean Exploration Ship,City,745.0,149.99,229.0,314.0,normale
The Bat-Space Shuttle,DC,643.0,79.99,124.0,239.0,normale
Ship in a Bottle,Ideas,962.0,69.99,156.0,124.0,avanserte
Arctic Mobile Exploration Base,City,786.0,119.99,236.0,255.0,normale
Forest Harvester,Technic,1003.0,149.99,388.0,157.0,avanserte
Cinderella's Dream Castle,Disney,585.0,69.99,132.0,218.0,normale
Millennium Falcon,Star Wars,1353.0,159.99,268.0,352.0,normale
Killow vs. Samurai X,NINJAGO,556.0,49.99,128.0,220.0,normale
Heartlake City Pet Centre,Friends,474.0,59.99,108.0,234.0,normale
Rally Car,Technic,1005.0,109.99,364.0,152.0,avanserte
The Bedrock Adventures,Minecraft,644.0,89.99,108.0,168.0,normale
X-wing Starfighter,Star Wars,730.0,79.99,120.0,224.0,normale
Compact Crawler Crane,Technic,920.0,99.99,344.0,102.0,avanserte
Pirate Roller Coaster,Creator 3-in-1,923.0,89.99,324.0,277.0,avanserte
Imperial Landing Craft,Star Wars,636.0,89.99,108.0,191.0,normale
Volvo Concept Wheel Loader ZEUX,Technic,1167.0,139.99,504.0,143.0,avanserte
Land Rover Defender,Technic,2573.0,199.99,496.0,262.0,avanserte
Car Transporter,Technic,2493.0,179.99,961.0,190.0,avanserte
Bookshop,Creator Expert,2504.0,179.99,216.0,561.0,avanserte
Cargo Train,City,1227.0,229.99,362.0,410.0,normale
Friendship House,Friends,722.0,69.99,164.0,309.0,normale
Vestas Wind Turbine,Creator Expert,826.0,199.99,148.0,230.0,avanserte
The Hulkbuster: Ultron Edition,Marvel,1363.0,119.99,184.0,268.0,normale
Dragon Pit,NINJAGO,1660.0,129.99,244.0,424.0,normale
Sanctum Sanctorum Showdown,Marvel,1004.0,99.99,220.0,312.0,normale
Droid Commander,Star Wars,1177.0,199.99,25.0,343.0,normale
The Farm Cottage ,Minecraft,549.0,49.99,116.0,157.0,normale
The Upside Down,Stranger Things,2287.0,199.99,300.0,533.0,normale
Corner Garage,Creator Expert,2569.0,199.99,236.0,564.0,avanserte
Tantive IV,Star Wars,1768.0,199.99,260.0,387.0,normale
A-wing Starfighter,Star Wars,1673.0,199.99,272.0,355.0,normale
Pirates of Barracuda Bay,Ideas,2545.0,199.99,460.0,575.0,avanserte
Imperial TIE Fighter,Star Wars,519.0,69.99,76.0,129.0,normale
Indoraptor Rampage at Lockwood Estate,Jurassic World,1019.0,129.99,176.0,257.0,normale
City Hospital,City,861.0,99.99,329.0,362.0,normale
Dieselnaut,NINJAGO,1179.0,109.99,156.0,308.0,normale
Sandcrawler,Star Wars,1239.0,139.99,188.0,277.0,normale
4x4 X-Treme Off-Roader,Powered UP,958.0,249.99,224.0,131.0,avanserte
The Rexcelsior!,THE LEGO MOVIE 2,1826.0,149.99,276.0,377.0,normale
Heartlake City Resort,Friends,1017.0,99.99,208.0,326.0,normale
AT-AT,Star Wars,1267.0,159.99,188.0,285.0,normale
Mining Experts Site,City,883.0,99.99,244.0,284.0,normale
Capital City,City,1211.0,149.99,441.0,489.0,normale
6x6 Volvo Articulated Hauler,Technic,2193.0,249.99,456.0,234.0,avanserte
Downtown Diner,Creator Expert,2480.0,169.99,200.0,508.0,avanserte
Kessel Run Millennium Falcon,Star Wars,1414.0,169.99,208.0,318.0,normale
Temple of Resurrection,NINJAGO,765.0,69.99,144.0,297.0,normale
Rough Terrain Crane,Technic,4057.0,299.99,1527.0,262.0,avanserte
Old Trafford - Manchester United,Creator Expert,3898.0,299.99,368.0,332.0,avanserte
Farm Adventures,DUPLO,104.0,59.99,40.0,42.0,enkle
Mack Anthem,Technic,2595.0,179.99,897.0,253.0,avanserte
Bugatti Chiron,Technic,3599.0,349.99,633.0,306.0,avanserte
Roller Coaster,Creator Expert,4124.0,379.99,440.0,556.0,avanserte
Voltron,Ideas,2321.0,179.99,92.0,471.0,avanserte
Hogwarts Castle,Harry Potter,6020.0,399.99,636.0,624.0,normale
NINJAGO City Docks,NINJAGO,3553.0,229.99,380.0,690.0,normale
Liebherr R 9800,Powered UP,4108.0,449.99,740.0,221.0,avanserte
Betrayal at Cloud City,Star Wars,2812.0,349.99,388.0,676.0,normale
Imperial Star Destroyer,Star Wars,4784.0,699.99,444.0,445.0,normale
Battle of Endor,Star Wars,197.0,14.99,1.0,40.0,normale
Mini Frame,DOTS,85.0,4.99,2.0,13.0,normale
Creative Picture Frames,DOTS,398.0,19.99,2.0,31.0,normale
Monkie Kid's Delivery Bike,Monkie Kid,22.0,4.99,3.0,18.0,avanserte
Road Worker,City,58.0,3.99,3.0,33.0,normale
Police Water Plane,City,48.0,3.99,3.0,36.0,normale
Arctic Ice Saw,City,43.0,3.99,3.0,34.0,normale
Space Satellite,City,36.0,3.99,3.0,24.0,normale
Beach Buggy,City,45.0,4.99,3.0,29.0,normale
Baby Velociraptor Playpen,Jurassic World,48.0,3.99,3.0,25.0,normale
Olivia's Remote Control Boat,Friends,25.0,3.99,3.0,23.0,normale
Unikitty Roller Coaster Wagon,Unikitty,46.0,3.99,3.0,28.0,enkle
Chocolate Box & Flower,Friends,75.0,4.99,3.0,32.0,normale
Royal Talon Fighter,Marvel,59.0,3.99,3.0,25.0,normale
Rex's Plantimal Ambush,THE LEGO MOVIE 2,32.0,3.99,3.0,23.0,normale
The Guardians' Ship,Marvel,69.0,3.99,3.0,36.0,normale
Poppy's Carriage,Trolls World Tour,51.0,4.99,3.0,30.0,normale
DJ,Star Wars,22.0,4.99,3.0,15.0,normale
Traffic Lights,Xtra,46.0,3.99,3.0,17.0,enkle
Streetlamps,Xtra,34.0,3.99,3.0,24.0,enkle
Ninjago Minifigure Pack,NINJAGO,59.0,12.99,3.0,33.0,normale
Spider-Man and the Museum Break-In,Marvel,49.0,14.99,3.0,33.0,normale
Summer Celebration Minifigure Pack,Minifigures,45.0,12.99,3.0,35.0,enkle
Police MF Accessory Set,Minifigures,42.0,12.99,3.0,33.0,enkle
Fairground Accessory Set,Minifigures,51.0,12.99,3.0,35.0,enkle
Sports Accessories,Xtra,36.0,3.99,3.0,20.0,enkle
Botanical Accessories,Xtra,32.0,3.99,3.0,17.0,enkle
Falcon & Black Widow Team-Up,Marvel,60.0,14.99,3.0,34.0,normale
Spinjitzu Burst - Cole,NINJAGO,48.0,9.99,3.0,31.0,normale
Spinjitzu Burst Lloyd,NINJAGO,48.0,9.99,3.0,30.0,normale
Golden Zane Accessory Set ,NINJAGO,73.0,12.99,5.0,31.0,normale
Stephanie's Play Cube - Beauty Salon,Friends,44.0,9.99,5.0,35.0,normale
Andrea's Jungle Play Cube,Friends,47.0,9.99,5.0,43.0,normale
Stephanie's Jungle Play Cube,Friends,41.0,9.99,5.0,38.0,normale
Olivia's Jungle Play Cube,Friends,51.0,9.99,5.0,42.0,normale
Mia's Jungle Play Cube,Friends,43.0,9.99,5.0,36.0,normale
Obi-Wan Kenobi - Collectable Minifigure,Star Wars,12.0,3.99,6.0,10.0,normale
My First Dinosaur,DUPLO,7.0,3.49,7.0,6.0,enkle
Hogwarts Students Accessory Set,Harry Potter,53.0,14.99,9.0,33.0,normale
My First Balancing Animals,DUPLO,15.0,14.99,9.0,14.0,enkle
Bulldozer,DUPLO,10.0,9.99,12.0,10.0,enkle
Creative Fun,DUPLO,120.0,39.99,13.0,70.0,enkle
Truck & Tracked Excavator,DUPLO,20.0,19.99,16.0,19.0,enkle
Batcave,Batman,33.0,29.99,20.0,25.0,normale
Ariel's Undersea Castle,Disney,35.0,29.99,20.0,27.0,normale
Creative Animals,DUPLO,175.0,59.99,20.0,89.0,enkle
Cute Pug,Creator 3-in-1,68.0,3.99,28.0,32.0,avanserte
Wrecking Ball Demolition,DUPLO,56.0,59.99,32.0,41.0,enkle
Thanksgiving Turkey,BrickHeadz,114.0,9.99,32.0,48.0,normale
Lightning McQueen's Race Day,Disney,42.0,29.99,36.0,32.0,normale
Donald Duck,Disney,90.0,9.99,36.0,42.0,normale
Emma's Pet Party,Friends,67.0,9.99,36.0,50.0,normale
Wonder Woman,BrickHeadz,143.0,9.99,40.0,54.0,normale
Easter Chick,BrickHeadz,120.0,9.99,44.0,50.0,normale
Olaf's Traveling Sleigh,Disney,97.0,12.99,44.0,52.0,normale
Valentine's Bear,BrickHeadz,150.0,9.99,44.0,65.0,normale
Lucky Cat,BrickHeadz,134.0,9.99,44.0,71.0,normale
Birthday Clown,BrickHeadz,150.0,9.99,48.0,77.0,normale
Valentine's Puppy,BrickHeadz,147.0,9.99,48.0,60.0,normale
Dragon Dance Guy,BrickHeadz,170.0,9.99,48.0,72.0,normale
Lady Liberty,BrickHeadz,153.0,9.99,48.0,43.0,normale
Easter Sheep,BrickHeadz,192.0,9.99,48.0,57.0,normale
Wedding Bride,BrickHeadz,306.0,12.99,48.0,101.0,normale
Wedding Groom,BrickHeadz,255.0,12.99,48.0,107.0,normale
Fun Future,Classic,186.0,9.99,49.0,95.0,enkle
Tower Crane & Construction,DUPLO,123.0,129.99,56.0,72.0,enkle
Lucy's Builder Box!,THE LEGO MOVIE 2,141.0,29.99,56.0,71.0,normale
Emmet's Builder Box!,THE LEGO MOVIE 2,125.0,29.99,56.0,76.0,normale
Quantum Realm Explorers,Marvel,200.0,19.99,64.0,100.0,normale
Moana's Island Home,Disney,202.0,29.99,68.0,121.0,normale
People Pack - Space Research and Development,City,209.0,39.99,68.0,146.0,normale
Wu's Battle Dragon,NINJAGO,321.0,19.99,68.0,109.0,normale
Iron Man Armory,Marvel,258.0,29.99,68.0,110.0,normale
Bricks Bricks Bricks,Classic,1500.0,59.99,69.0,327.0,enkle
Marty McFly & Doc Brown,BrickHeadz,240.0,19.99,69.0,73.0,normale
Diagon Alley,Harry Potter,374.0,19.99,72.0,116.0,normale
Dilophosaurus Outpost Attack,Jurassic World,289.0,39.99,72.0,124.0,normale
Ron Weasley & Albus Dumbledore,BrickHeadz,245.0,19.99,73.0,82.0,normale
Battle of Hoth - 20th Anniversary Edition,Star Wars,195.0,14.99,76.0,77.0,normale
Goofy & Pluto,Disney,214.0,14.99,76.0,94.0,normale
Mulan's Training Grounds,Disney,157.0,29.99,76.0,94.0,normale
Funny Octopus Ride,Friends,324.0,39.99,76.0,145.0,normale
Kylo Ren & Sith Trooper,Star Wars,240.0,19.99,76.0,72.0,normale
Owen & Blue,BrickHeadz,234.0,19.99,77.0,82.0,normale
Black Widow's Helicopter Chase,Marvel,271.0,29.99,80.0,125.0,normale
Venom Crawler,Marvel,413.0,29.99,80.0,132.0,normale
Armored Assault Tank (AAT),Star Wars,286.0,39.99,80.0,121.0,normale
Captain Marvel and The Skrull Attack,Marvel,307.0,29.99,80.0,126.0,normale
Mr. & Mrs. Claus,BrickHeadz,341.0,19.99,84.0,109.0,normale
Death Star II Battle,Star Wars,235.0,14.99,84.0,72.0,normale
501st Legion Clone Troopers,Star Wars,285.0,29.99,84.0,125.0,normale
Hoth Medical Chamber,Star Wars,255.0,29.99,84.0,120.0,normale
Sandspeeder,Star Wars,278.0,29.99,84.0,110.0,normale
Bricks and Eyes ,Classic,451.0,29.99,88.0,171.0,enkle
Stephanie's House,Friends,170.0,39.99,92.0,116.0,normale
Emmet's Triple-Decker Couch Mech,THE LEGO MOVIE 2,312.0,29.99,92.0,98.0,normale
Journey to the Skull Dungeons,NINJAGO,401.0,29.99,92.0,164.0,normale
Bespin Duel,Star Wars,295.0,39.99,96.0,121.0,normale
White Dragon Horse Bike,Monkie Kid,259.0,34.99,96.0,134.0,avanserte
"Reindeer, Elf and Elfie",BrickHeadz,281.0,19.99,97.0,116.0,normale
Storm Fighter Battle,NINJAGO,165.0,29.99,100.0,96.0,normale
Bricks and Animals,Classic,1500.0,59.99,101.0,339.0,enkle
Spinning Brushes Car Wash,Friends,325.0,29.99,108.0,174.0,normale
Air Race,City,140.0,39.99,108.0,84.0,normale
Bricks and Lights,Classic,441.0,29.99,109.0,173.0,enkle
Quidditch Match,Harry Potter,500.0,39.99,112.0,205.0,normale
Iron Bull Tank,Monkie Kid,430.0,49.99,124.0,160.0,avanserte
Rainbow Caterbus,Trolls World Tour,395.0,39.99,132.0,170.0,normale
Kai Fighter,NINJAGO,513.0,39.99,132.0,174.0,normale
Jurassic Park Velociraptor Chase ,Jurassic World,360.0,39.99,132.0,195.0,normale
Winter Village Fire Station,Creator Expert,1166.0,99.99,136.0,323.0,avanserte
Fire Stone Mech,NINJAGO,968.0,69.99,136.0,260.0,normale
Death Star Final Duel,Star Wars,775.0,99.99,140.0,241.0,normale
Resistance I-TS Transport,Star Wars,932.0,99.99,140.0,215.0,normale
Bricks Bricks Plates,Classic,1504.0,69.99,144.0,332.0,enkle
TIE Fighter Pilot,Star Wars,724.0,59.99,148.0,155.0,normale
Hedwig,Harry Potter,630.0,39.99,148.0,166.0,normale
Tree House Treasures ,Creator 3-in-1,260.0,29.99,152.0,119.0,avanserte
Monkie Kid's Cloud Jet,Monkie Kid,390.0,59.99,168.0,199.0,avanserte
Zane's Mino Creature,NINJAGO,616.0,49.99,172.0,202.0,normale
James Bond Aston Martin DB5,Creator Expert,1295.0,149.99,173.0,310.0,avanserte
Attack on The Burrow,Harry Potter,1047.0,99.99,180.0,383.0,normale
Police Brick Box,City,301.0,39.99,188.0,162.0,normale
Outback Cabin,Creator 3-in-1,305.0,29.99,196.0,141.0,avanserte
Demon Bull King,Monkie Kid,585.0,89.99,200.0,264.0,avanserte
Skull Sorcerer's Dragon,NINJAGO,1016.0,79.99,200.0,303.0,normale
Vibe City Concert,Trolls World Tour,494.0,59.99,204.0,216.0,normale
Alpaca Mountain Jungle Rescue,Friends,512.0,59.99,208.0,270.0,normale
Pigsy's Food Truck,Monkie Kid,455.0,69.99,212.0,299.0,avanserte
Concrete Mixer Truck,Technic,1163.0,119.99,216.0,127.0,avanserte
Heartlake City Brick Box,Friends,321.0,39.99,220.0,121.0,normale
Y-wing Starfighter,Star Wars,1967.0,199.99,220.0,359.0,normale
Mickey Mouse and Minnie Mouse,Disney,1739.0,179.99,236.0,420.0,normale
Red Son's Inferno Truck,Monkie Kid,1111.0,119.99,244.0,350.0,avanserte
Skull Sorcerer's Dungeons,NINJAGO,1171.0,99.99,256.0,425.0,normale
Monkey King Warrior Mech,Monkie Kid,975.0,149.99,272.0,435.0,avanserte
Haunted House,Creator Expert,3231.0,249.99,312.0,467.0,avanserte
Destiny's Bounty,NINJAGO,1781.0,129.99,316.0,479.0,normale
Ski Resort,City,806.0,89.99,328.0,348.0,normale
Disney Train and Station,Powered UP,2925.0,329.99,397.0,509.0,avanserte
1989 Batmobile,Batman,3306.0,249.99,404.0,484.0,normale
Tree House,Ideas,3036.0,199.99,428.0,482.0,avanserte
Welcome to Apocalypseburg!,THE LEGO MOVIE 2,3178.0,299.99,452.0,692.0,normale
Jurassic Park: T. rex Rampage,Jurassic World,3120.0,249.99,464.0,525.0,normale
Monkie Kid's Team Secret HQ,Monkie Kid,1105.0,169.99,556.0,622.0,avanserte
Grand Piano,Ideas,3662.0,349.99,564.0,345.0,avanserte
Lamborghini Sián FKP 37,Technic,3696.0,379.99,657.0,293.0,avanserte
